{
    "0": 0.45646175742149353,
    "1": 0.14202405512332916,
    "2": 1.6215660572052002,
    "3": -2.5129055976867676,
    "4": 2.88374662399292,
    "5": 2.784741163253784,
    "6": -3.0304994583129883,
    "7": -1.9064310789108276,
    "8": 2.2808642387390137,
    "9": -3.0505480766296387,
    "10": 0.629741907119751,
    "11": -0.4723367989063263,
    "12": 2.812269449234009,
    "13": 1.907233715057373,
    "14": -2.9965243339538574,
    "15": 2.155402660369873,
    "16": -0.36854371428489685,
    "17": -2.9234206676483154,
    "18": -0.8539124131202698,
    "19": 0.12132636457681656,
    "20": -2.9729928970336914,
    "21": -0.6367325782775879,
    "22": -2.5717506408691406,
    "23": -3.0087504386901855,
    "24": -2.6690690517425537,
    "25": -0.12163432687520981,
    "26": -0.9874239563941956,
    "27": -2.9982924461364746,
    "28": 1.675371527671814,
    "29": 1.5526036024093628,
    "30": 2.5129055976867676,
    "31": -0.030434317886829376,
    "32": -0.1668287068605423,
    "33": 0.13147740066051483,
    "34": -2.924140691757202,
    "35": 2.649928331375122,
    "36": -0.04176602512598038,
    "37": 3.0505480766296387,
    "38": 2.924140691757202,
    "39": 3.0089328289031982,
    "40": 0.8922061920166016,
    "41": 2.957780599594116,
    "42": 2.515718460083008,
    "43": -2.669243574142456,
    "44": -3.0496716499328613,
    "45": -0.14202405512332916,
    "46": -0.18557630479335785,
    "47": 0.6351643204689026,
    "48": 2.7910985946655273,
    "49": -2.8996541500091553,
    "50": 2.2237555980682373,
    "51": 2.9543673992156982,
    "52": -3.0320937633514404,
    "53": -0.12101903557777405,
    "54": 0.6351643204689026,
    "55": 1.6760168075561523,
    "56": 1.9067884683609009,
    "57": -1.8367785215377808,
    "58": -0.6351643204689026,
    "59": -0.4023270905017853,
    "60": -2.449810028076172,
    "61": 3.0277974605560303,
    "62": -3.0570359230041504,
    "63": -2.900076150894165,
    "64": -1.6215660572052002,
    "65": -2.6490707397460938,
    "66": 2.0312514305114746,
    "67": -1.7160793542861938,
    "68": 3.0496716499328613,
    "69": 0.47509369254112244,
    "70": -1.9067884683609009,
    "71": 0.9910883903503418,
    "72": -1.907233715057373,
    "73": -1.6475673913955688,
    "74": -2.6782937049865723,
    "75": 0.36854371428489685,
    "76": -1.4050264358520508,
    "77": -2.807352304458618,
    "78": -0.6296247839927673,
    "79": -0.42097988724708557,
    "80": -2.224411725997925,
    "81": 2.9733057022094727,
    "82": 1.6779028177261353,
    "83": -2.2808642387390137,
    "84": 1.9611986875534058,
    "85": 2.8059468269348145,
    "86": -1.777543306350708,
    "87": -2.846606731414795,
    "88": -2.850551128387451,
    "89": 1.5527251958847046,
    "90": 3.0320937633514404,
    "91": 2.631080150604248,
    "92": 2.224411725997925,
    "93": 2.1945228576660156,
    "94": 2.22920560836792,
    "95": 2.194502830505371,
    "96": -2.0312514305114746,
    "97": -2.2775192260742188,
    "98": -3.1287031173706055,
    "99": 0.6301180720329285,
    "100": -1.765549659729004,
    "101": -0.2732733488082886,
    "102": -3.0523152351379395,
    "103": 0.4723367989063263,
    "104": 2.9729928970336914,
    "105": 2.6281721591949463,
    "106": 0.42097988724708557,
    "107": 1.6894985437393188,
    "108": 1.5123919248580933,
    "109": -1.7948981523513794,
    "110": -2.885693311691284,
    "111": 1.777543306350708,
    "112": -2.627249240875244,
    "113": 2.6690690517425537,
    "114": -2.155402660369873,
    "115": -1.512778639793396,
    "116": 0.9916612505912781,
    "117": -1.8354965448379517,
    "118": 2.2775192260742188,
    "119": 0.6296247839927673,
    "120": 2.846606731414795,
    "121": 0.4023270905017853,
    "122": 2.807352304458618,
    "123": 0.8539124131202698,
    "124": -2.9242615699768066,
    "125": 3.059051275253296,
    "126": -2.8871681690216064,
    "127": 0.3688843548297882,
    "128": -1.794783592224121,
    "129": 1.5588730573654175,
    "130": 2.884333848953247,
    "131": -1.6779028177261353,
    "132": 2.8996920585632324,
    "133": -2.2237555980682373,
    "134": -0.45642995834350586,
    "135": 2.8996541500091553,
    "136": 2.9242615699768066,
    "137": -2.7013731002807617,
    "138": 1.4050264358520508,
    "139": -1.5526036024093628,
    "140": 3.0615642070770264,
    "141": -0.8937295079231262,
    "142": 2.804206371307373,
    "143": -2.994021415710449,
    "144": -2.883751392364502,
    "145": -0.03093542531132698,
    "146": -0.9916612505912781,
    "147": 1.7948981523513794,
    "148": 2.8940181732177734,
    "149": -2.464127779006958,
    "150": -2.195486545562744,
    "151": -1.5527251958847046,
    "152": 2.6490707397460938,
    "153": -1.5588730573654175,
    "154": 2.195486545562744,
    "155": -2.631080150604248,
    "156": 0.029330020770430565,
    "157": 2.9726641178131104,
    "158": -2.3386120796203613,
    "159": -0.1791406273841858,
    "160": 2.6420271396636963,
    "161": -0.3856106698513031,
    "162": -0.16572152078151703,
    "163": -2.7910985946655273,
    "164": -3.0301568508148193,
    "165": -2.957780599594116,
    "166": -3.0277974605560303,
    "167": -0.9910883903503418,
    "168": -0.12132636457681656,
    "169": 2.627249240875244,
    "170": 2.850551128387451,
    "171": -0.45646175742149353,
    "172": 0.04176602512598038,
    "173": 1.9064310789108276,
    "174": -0.47509369254112244,
    "175": -2.7431163787841797,
    "176": -2.6420271396636963,
    "177": -2.649928331375122,
    "178": -2.515718460083008,
    "179": -2.88374662399292,
    "180": 2.5103821754455566,
    "181": 2.884984016418457,
    "182": -0.16439275443553925,
    "183": 3.05191969871521,
    "184": -0.4568212032318115,
    "185": -2.6293840408325195,
    "186": 3.0301568508148193,
    "187": 1.8367785215377808,
    "188": -1.675371527671814,
    "189": 3.0087504386901855,
    "190": 2.449810028076172,
    "191": 0.03093542531132698,
    "192": 0.8937295079231262,
    "193": -0.629741907119751,
    "194": 0.12101903557777405,
    "195": -2.884984016418457,
    "196": 2.3386120796203613,
    "197": -1.9611986875534058,
    "198": -2.8940181732177734,
    "199": -2.9543673992156982,
    "200": 2.6293840408325195,
    "201": -0.043447259813547134,
    "202": 2.9965243339538574,
    "203": 3.1005027294158936,
    "204": -2.812269449234009,
    "205": 2.883751392364502,
    "206": 0.12163432687520981,
    "207": 0.45642995834350586,
    "208": -2.22920560836792,
    "209": 1.512778639793396,
    "210": -2.6281721591949463,
    "211": 0.16439275443553925,
    "212": -1.5123919248580933,
    "213": -2.3374757766723633,
    "214": 2.669243574142456,
    "215": -2.884333848953247,
    "216": 3.0570359230041504,
    "217": -2.194502830505371,
    "218": -3.059051275253296,
    "219": -2.1945228576660156,
    "220": 2.9982924461364746,
    "221": -3.0615642070770264,
    "222": -1.6894985437393188,
    "223": -2.9928994178771973,
    "224": -0.26017633080482483,
    "225": -0.3688843548297882,
    "226": -2.9733057022094727,
    "227": -0.8922061920166016,
    "228": 0.4568212032318115,
    "229": -2.8996920585632324,
    "230": -2.6522316932678223,
    "231": -0.6301180720329285,
    "232": 3.1287031173706055,
    "233": -2.601377010345459,
    "234": -2.784741163253784,
    "235": -2.8405563831329346,
    "236": -2.9726641178131104,
    "237": -3.05191969871521,
    "238": 2.7013731002807617,
    "239": -0.36854785680770874,
    "240": -3.1005027294158936,
    "241": -0.18558885157108307,
    "242": 0.18557630479335785,
    "243": 2.900076150894165,
    "244": -2.804206371307373,
    "245": -3.0089328289031982,
    "246": -0.029330020770430565,
    "247": 3.0523152351379395,
    "248": 2.8871681690216064,
    "249": 2.7431163787841797,
    "250": -0.13147740066051483,
    "251": 2.601377010345459,
    "252": 1.765549659729004,
    "253": 2.9928994178771973,
    "254": 2.6782937049865723,
    "255": 2.3374757766723633,
    "256": -2.6582539081573486,
    "257": 0.18558885157108307,